Canon EOS 5D Mark IV Full Frame Digital SLR Camera Body  ,/Canon-Mark-Frame-Digital-Camera/dp/B01KURGS9E/ref=sr_1_1?crid=3W06P6JS4UAQK&keywords=canon+5d&qid=1650956671&sprefix=canon+5d%2Caps%2C502&sr=8-1,2699,803
Canon EOS 5D Mark IV Full Frame Digital SLR Camera Body (Renewed)  ,/Canon-EOS-5D-Mark-IV/dp/B07DTW9B8P/ref=sr_1_2?crid=3W06P6JS4UAQK&keywords=canon+5d&qid=1650956671&sprefix=canon+5d%2Caps%2C502&sr=8-2,,
Canon EOS 5D Mark IV DSLR Body with Canon Log  ,/Canon-Mark-Digital-Camera-Body/dp/B0101S4BSM/ref=sr_1_3?crid=3W06P6JS4UAQK&keywords=canon+5d&qid=1650956671&sprefix=canon+5d%2Caps%2C502&sr=8-3,2799,8
Canon EOS 5D 12.8 MP Digital SLR Camera (Body Only)  ,/Canon-12-8-Digital-Camera-Body/dp/B0007Y791C/ref=sr_1_4?crid=3W06P6JS4UAQK&keywords=canon+5d&qid=1650956671&sprefix=canon+5d%2Caps%2C502&sr=8-4,,
Canon EOS 5D Mark IV DSLR Body - with Canon BG-E20 Battery Grip  ,/Canon-5D-Mark-IV-DSLR/dp/B0779PCYR9/ref=sr_1_5?crid=3W06P6JS4UAQK&keywords=canon+5d&qid=1650956671&sprefix=canon+5d%2Caps%2C502&sr=8-5,2599,92
Canon EOS 5D Mark II Full Frame DSLR Camera (Body Only) (OLD MODEL)  ,/Canon-Mark-Frame-Camera-MODEL/dp/B001G5ZTLS/ref=sr_1_6?crid=3W06P6JS4UAQK&keywords=canon+5d&qid=1650956671&sprefix=canon+5d%2Caps%2C502&sr=8-6,,
Canon EOS 5D Mark III 22.3 MP Full Frame CMOS with 1080p Full-HD Video Mode Digital SLR Camera (Body)  ,/Canon-Frame-Full-HD-Digital-Camera/dp/B007FGYZFI/ref=sr_1_7?crid=3W06P6JS4UAQK&keywords=canon+5d&qid=1650956671&sprefix=canon+5d%2Caps%2C502&sr=8-7,,
Canon EOS 5D Mark III 22.3 MP Full Frame CMOS with 1080p Full-HD Video Mode Digital SLR Camera (Body)  ,/Canon-Frame-Full-HD-Digital-Camera/dp/B00SMNZ0P2/ref=sr_1_8?crid=3W06P6JS4UAQK&keywords=canon+5d&qid=1650956671&sprefix=canon+5d%2Caps%2C502&sr=8-8,,
"Canon EOS 6D Mark II Digital SLR Camera Body, Wi-Fi Enabled  ",/Canon-Mark-Digital-Camera-Body/dp/B072MZCJKN/ref=sr_1_9?crid=3W06P6JS4UAQK&keywords=canon+5d&qid=1650956671&sprefix=canon+5d%2Caps%2C502&sr=8-9,1399,978
Canon EOS M50 Mark II + EF-M 15-45mm is STM Kit Black  ,/Canon-Mark-EF-M-15-45mm-Black/dp/B08KSKV35C/ref=sr_1_10?crid=3W06P6JS4UAQK&keywords=canon+5d&qid=1650956671&sprefix=canon+5d%2Caps%2C502&sr=8-10,,
"Canon EOS R Mirrorless Full Frame Camera w/ RF24-105mm F4-7.1 IS STM Lens Kit - Vlogging Camera 4K, Content Creator Camera, Wi-Fi, 30.3 MP Full-Frame CMOS Sensor, Dual Pixel CMOS AF (Body + Lens)  ",/Canon-Plus-RF24-105mm-F4-7-1-Black/dp/B088MMTS9P/ref=sr_1_11?crid=3W06P6JS4UAQK&keywords=canon+5d&qid=1650956671&sprefix=canon+5d%2Caps%2C502&sr=8-11,,
Canon EOS Rebel T7 DSLR Camera with 18-55mm Lens | Built-in Wi-Fi | 24.1 MP CMOS Sensor | DIGIC 4+ Image Processor and Full HD Videos  ,/Canon-Rebel-T7-18-55mm-II/dp/B07C2Z21X5/ref=sr_1_12?crid=3W06P6JS4UAQK&keywords=canon+5d&qid=1650956671&sprefix=canon+5d%2Caps%2C502&sr=8-12,479,1860
"Canon EOS R Mirrorless Full Frame Camera - Vlogging Camera 4K, Content Creator Camera, Wi-Fi, 30.3 MP Full-Frame CMOS Sensor, Dual Pixel CMOS AF (Body Only)  ",/Canon-Mirrorless-Digital-Camera-Body/dp/B07H484HLT/ref=sr_1_13?crid=3W06P6JS4UAQK&keywords=canon+5d&qid=1650956671&sprefix=canon+5d%2Caps%2C502&sr=8-13,,
"Canon EOS R5 Full-Frame Mirrorless Camera - 8K Video, 45 Megapixel Full-Frame CMOS Sensor, DIGIC X Image Processor, Up to 12 fps Mechanical Shutter (Body Only)  ",/Canon-Full-Frame-Mirrorless-Megapixel-Processor/dp/B08C68F2DX/ref=sr_1_14?crid=3W06P6JS4UAQK&keywords=canon+5d&qid=1650956671&sprefix=canon+5d%2Caps%2C502&sr=8-14,,
"Canon Mirrorless Camera [EOS M6 Mark II] (Body) for Vlogging|CMOS (APS-C) Sensor| Dual Pixel CMOS Auto Focus| Wi-Fi |Bluetooth and 4K Video, Black  ",/Canon-Mark-Mirrorless-Camera-Black/dp/B07WJYY49W/ref=sr_1_15?crid=3W06P6JS4UAQK&keywords=canon+5d&qid=1650956671&sprefix=canon+5d%2Caps%2C502&sr=8-15,849,159
"Canon EOS R6 Full-Frame Mirrorless Camera + RF24-105mm F4-7.1 is STM Lens Kit, Black (4082C022)  ",/Canon-Full-Frame-Mirrorless-RF24-105mm-4082C022/dp/B08BW8H44J/ref=sr_1_16?crid=3W06P6JS4UAQK&keywords=canon+5d&qid=1650956671&sprefix=canon+5d%2Caps%2C502&sr=8-16,,
"Canon EOS R6 Mirrorless Digital Camera (Body) with Starter Accessory Bundle. Includes: 64GB Ultra Memory Card, 1x Canon LP-E6NH Battery, Battery Charger for LP-E6NH Batteries, Carrying Case, & More  ",/Canon-Mirrorless-Digital-Starter-Accessory/dp/B09MDSLMV1/ref=sr_1_17?crid=3W06P6JS4UAQK&keywords=canon+5d&qid=1650956674&sprefix=canon+5d%2Caps%2C502&sr=8-17,,
"Canon EOS REBEL SL3 Digital SLR Camera with EF-S 18-55mm Lens kit, Built-in Wi-Fi, Dual Pixel CMOS AF and 3.0 Inch Vari-Angle Touch Screen, Black  ",/Canon-Rebel-18-55mm-Lens-Black/dp/B07QBD256Y/ref=sr_1_18?crid=3W06P6JS4UAQK&keywords=canon+5d&qid=1650956674&sprefix=canon+5d%2Caps%2C502&sr=8-18,,
"Canon EOS M50 Mark II Content Creator Kit, Mirrorless 4K Vlogging Camera Kit Includes EF-M 15-45mm Lens, Tripod Grip, Stereo Microphone  ",/Canon-Content-Mirrorless-Vlogging-Microphone/dp/B08YP52CV4/ref=sr_1_19?crid=3W06P6JS4UAQK&keywords=canon+5d&qid=1650956674&sprefix=canon+5d%2Caps%2C502&sr=8-19,,
"Canon EOS RP Full Frame Mirrorless Vlogging Portable Digital Camera with 26.2MP Full-Frame CMOS Sensor, Wi-Fi , Bluetooth, 4K Video Recording and 3.0” Vari-angle Touch LCD Screen, Body, Black,  ",/Canon-EOS-Mirrorless-Camera-Body/dp/B07N9KDCGV/ref=sr_1_20?crid=3W06P6JS4UAQK&keywords=canon+5d&qid=1650956674&sprefix=canon+5d%2Caps%2C502&sr=8-20,,
"Canon PowerShot Digital Camera [G7 X Mark II] with Wi-Fi & NFC, LCD Screen, and 1-Inch Sensor - Black, 100 - 1066C001  ",/Canon-PowerShot-Digital-Camera-Screen/dp/B01BV14OXA/ref=sr_1_21?crid=3W06P6JS4UAQK&keywords=canon+5d&qid=1650956674&sprefix=canon+5d%2Caps%2C502&sr=8-21,,
Canon Digital SLR Camera Body [EOS 80D] and EF-S 18-135mm f/3.5-5.6 Image Stabilization USM Lens with 24.2 Megapixel (APS-C) CMOS Sensor and Dual Pixel CMOS AF (Black)  ,/Canon-Digital-18-135mm-Stabilization-Megapixel/dp/B01BUYJX6G/ref=sr_1_22?crid=3W06P6JS4UAQK&keywords=canon+5d&qid=1650956674&sprefix=canon+5d%2Caps%2C502&sr=8-22,1499,512
Fujifilm X-T4 Mirrorless Camera Body - Silver  ,/Fujifilm-X-T4-Mirrorless-Camera-Body/dp/B084ZTN8W5/ref=sr_1_23?crid=3W06P6JS4UAQK&keywords=canon+5d&qid=1650956674&sprefix=canon+5d%2Caps%2C502&sr=8-23,1699,112
Canon EOS-1DX Mark II DSLR Camera (Body Only)  ,/Canon-EOS-1DX-Mark-DSLR-Camera/dp/B01B6OTTIM/ref=sr_1_24?crid=3W06P6JS4UAQK&keywords=canon+5d&qid=1650956674&sprefix=canon+5d%2Caps%2C502&sr=8-24,,
"Canon EOS R6 Mirrorless Digital Camera (Body) w/Canon RF 50mm f/1.8 STM Lens & 12PC Accessory Bundle. Bundle Includes: 64GB Ultra SDXC Memory Card, 1x Seller Replacement Extended Life Battery, & More  ",/Canon-Mirrorless-Digital-Accessory-Bundle/dp/B09MG4HK2R/ref=sr_1_25?crid=3W06P6JS4UAQK&keywords=canon+5d&qid=1650956674&sprefix=canon+5d%2Caps%2C502&sr=8-25,,
"Canon PowerShot G9 X Mark II Compact Digital Camera w/ 1 Inch Sensor and 3inch LCD - Wi-Fi, NFC, & Bluetooth Enabled (Silver)  ",/Canon-PowerShot-Compact-Digital-Camera/dp/B01N9MCH0E/ref=sr_1_26?crid=3W06P6JS4UAQK&keywords=canon+5d&qid=1650956674&sprefix=canon+5d%2Caps%2C502&sr=8-26,,
"Canon EOS M6 Mark II Digital Camera Ef-M 18-150mm F/3.5-6.3 IS STM Lens, Black  ",/Canon-Mirrorless-Camera-18-150mm-3-5-6-3/dp/B07WJYY49Q/ref=sr_1_27?crid=3W06P6JS4UAQK&keywords=canon+5d&qid=1650956674&sprefix=canon+5d%2Caps%2C502&sr=8-27,1349,504
Canon Digital SLR Camera Body [EOS 80D] with 24.2 Megapixel (APS-C) CMOS Sensor and Dual Pixel CMOS AF - Black  ,/Canon-Digital-Camera-Megapixel-Sensor/dp/B01BUYK04A/ref=sr_1_28?crid=3W06P6JS4UAQK&keywords=canon+5d&qid=1650956674&sprefix=canon+5d%2Caps%2C502&sr=8-28,,
"Canon EOS M50 Mirrorless Vlogging Camera Kit with EF-M 15-45mm Lens, Black  ",/Canon-Mirrorless-Camera-EF-M15-45mm-Video/dp/B079Y45KTJ/ref=sr_1_29?crid=3W06P6JS4UAQK&keywords=canon+5d&qid=1650956674&sprefix=canon+5d%2Caps%2C502&sr=8-29,,
Canon EOS 70D Digital SLR Camera (Body Only)  ,/Canon-Digital-Camera-Body-Only/dp/B00DMS0GTC/ref=sr_1_30?crid=3W06P6JS4UAQK&keywords=canon+5d&qid=1650956674&sprefix=canon+5d%2Caps%2C502&sr=8-30,,
OLYMPUS OM-D E-M10 Mark IV Silver Body with Silver M.Zuiko Digital ED 14-42mm F3.5-5.6 EZ Lens Kit  ,/Olympus-M-Zuiko-Digital-14-42mm-F3-5-5-6/dp/B08D5XVHNM/ref=sr_1_31?crid=3W06P6JS4UAQK&keywords=canon+5d&qid=1650956674&sprefix=canon+5d%2Caps%2C502&sr=8-31,,
Canon EOS Rebel SL1 Digital SLR with 18-55mm STM + 75-300mm f/4-5.6 III Lens Bundle (Black)  ,/Canon-Digital-18-55mm-75-300mm-Bundle/dp/B00VQJASPG/ref=sr_1_32?crid=3W06P6JS4UAQK&keywords=canon+5d&qid=1650956674&sprefix=canon+5d%2Caps%2C502&sr=8-32,949,643
Canon EOS 50D DSLR Camera (Body Only) (Discontinued by Manufacturer)  ,/Canon-50D-Body-Discontinued-Manufacturer/dp/B001EQ4BVI/ref=sr_1_33?crid=3W06P6JS4UAQK&keywords=canon+5d&qid=1650956680&sprefix=canon+5d%2Caps%2C502&sr=8-33,,
Canon EOS 7D Mark II Digital SLR Camera (Body Only)  ,/Canon-Mark-Digital-Camera-Body/dp/B00NEWZDRG/ref=sr_1_34?crid=3W06P6JS4UAQK&keywords=canon+5d&qid=1650956680&sprefix=canon+5d%2Caps%2C502&sr=8-34,,
"Canon EOS 5D Mark IV DSLR Camera with EF 50mm f/1.8 STM Lens, EF-S 10-18mm f/4.5-5.6 is STM Lens + Extreme Pro 64GB Memory Card, 72” Tripod, 2X Spare Batteries & Much More (36pc Bundle)  ",/Canon-10-18mm-4-5-5-6-Extreme-Batteries/dp/B09MJR8W9Y/ref=sr_1_35?crid=3W06P6JS4UAQK&keywords=canon+5d&qid=1650956680&sprefix=canon+5d%2Caps%2C502&sr=8-35,,
Canon EOS 6D 20.2 MP CMOS Digital SLR Camera with 3.0-Inch LCD (Body Only) - Wi-Fi Enabled  ,/Canon-20-2-Digital-Camera-3-0-Inch/dp/B009B0MZ8U/ref=sr_1_36?crid=3W06P6JS4UAQK&keywords=canon+5d&qid=1650956680&sprefix=canon+5d%2Caps%2C502&sr=8-36,,
Canon Powershot SX70 20.3MP Digital Camera 65x Optical Zoom Lens 4K Video 3-inch LCD Tilt Screen (Black)  ,/Canon-Powershot-20-3MP-Digital-Optical/dp/B07HH1PVRZ/ref=sr_1_37?crid=3W06P6JS4UAQK&keywords=canon+5d&qid=1650956680&sprefix=canon+5d%2Caps%2C502&sr=8-37,,
"Canon EOS 5D Mark IV DSLR Camera (Body Only) + Extreme Pro 64GB SDXC, Universal Speedlite w/LED Video Light, Lightweight 60” Tripod, Spare Battery, Water Resistant Backpack & Much More (25pc Bundle)  ",/Canon-Universal-Speedlite-Lightweight-Resistant/dp/B09MJQPT2J/ref=sr_1_38?crid=3W06P6JS4UAQK&keywords=canon+5d&qid=1650956680&sprefix=canon+5d%2Caps%2C502&sr=8-38,,
"Canon EOS5DMK4 EOS 5D Mark IV DSLR Camera (Body Only) International Version (No Warranty), Black  ",/Canon-EOS5DMK4-International-Version-Warranty/dp/B01KZ4XI36/ref=sr_1_39?crid=3W06P6JS4UAQK&keywords=canon+5d&qid=1650956680&sprefix=canon+5d%2Caps%2C502&sr=8-39,,
"Canon PowerShot G7X Mark III Digital 4K Vlogging Camera, Vertical 4K Video Support with Wi-Fi, NFC and 3.0-Inch Touch Tilt LCD, Black  ",/Canon-PowerShot-Digital-Camera-Screen/dp/B07TKNCQZL/ref=sr_1_40?crid=3W06P6JS4UAQK&keywords=canon+5d&qid=1650956680&sprefix=canon+5d%2Caps%2C502&sr=8-40,,
Canon PowerShot G7 X Digital Camera - Wi-Fi Enabled  ,/Canon-PowerShot-G7-Digital-Camera/dp/B00NEWYE12/ref=sr_1_41?crid=3W06P6JS4UAQK&keywords=canon+5d&qid=1650956680&sprefix=canon+5d%2Caps%2C502&sr=8-41,,
Canon EOS 20D DSLR Camera (Body Only) (OLD MODEL)  ,/Canon-DSLR-Camera-Body-MODEL/dp/B0002XQI2E/ref=sr_1_42?crid=3W06P6JS4UAQK&keywords=canon+5d&qid=1650956680&sprefix=canon+5d%2Caps%2C502&sr=8-42,,
Canon EOS 5DS R Digital SLR with Low-Pass Filter Effect Cancellation (Body Only)  ,/Canon-Digital-Low-Pass-Filter-Cancellation/dp/B00T3ERT5S/ref=sr_1_43?crid=3W06P6JS4UAQK&keywords=canon+5d&qid=1650956680&sprefix=canon+5d%2Caps%2C502&sr=8-43,,
Canon EOS-5D Mark II EOS 5D Mark 2 Body + 8GB  ,/Canon-EOS-5D-Mark-Digitalkamera/dp/B001G7PBIC/ref=sr_1_44?crid=3W06P6JS4UAQK&keywords=canon+5d&qid=1650956680&sprefix=canon+5d%2Caps%2C502&sr=8-44,,
Canon EOS-1D X 18.1MP Full Frame CMOS Digital SLR Camera (Discontinued by Manufacturer)  ,/Canon-EOS-1D-Digital-Discontinued-Manufacturer/dp/B005Y3T1AI/ref=sr_1_45?crid=3W06P6JS4UAQK&keywords=canon+5d&qid=1650956680&sprefix=canon+5d%2Caps%2C502&sr=8-45,,
"Canon Digital SLR Camera Kit [EOS Rebel T6] with EF-S 18-55mm and EF 75-300mm Zoom Lenses - Black, full-size  ",/Canon-Digital-Camera-18-55mm-75-300mm/dp/B01CQJHJ2E/ref=sr_1_46?crid=3W06P6JS4UAQK&keywords=canon+5d&qid=1650956680&sprefix=canon+5d%2Caps%2C502&sr=8-46,,
Canon EOS 7D 18 MP CMOS Digital SLR Camera Body Only (discontinued by manufacturer)  ,/Canon-Digital-Camera-discontinued-manufacturer/dp/B002NEGTTW/ref=sr_1_47?crid=3W06P6JS4UAQK&keywords=canon+5d&qid=1650956680&sprefix=canon+5d%2Caps%2C502&sr=8-47,746,830
Canon EOS 1Ds Mark III DSLR Camera (Body Only) (OLD MODEL)  ,/Canon-Mark-DSLR-Camera-MODEL/dp/B000V5LX00/ref=sr_1_48?crid=3W06P6JS4UAQK&keywords=canon+5d&qid=1650956680&sprefix=canon+5d%2Caps%2C502&sr=8-48,,
"Canon EOS R5 Mirrorless Camera with 24-105mm f/4 Lens + SanDisk 128GB Extreme Pro SDXC, Lightweight 75” Tripod, Variable Neutral Density Filter, 3PC UV Filter Kit & So Much More (30pc Bundle)  ",/Canon-Mirrorless-24-105mm-Lightweight-Variable/dp/B09RSH5TNX/ref=sr_1_49?crid=3W06P6JS4UAQK&keywords=canon+5d&qid=1650956683&sprefix=canon+5d%2Caps%2C502&sr=8-49,,
Canon EOS 60D 18 MP CMOS Digital SLR Camera Body Only  ,/Canon-CMOS-Digital-Camera-Body/dp/B0040JHVCC/ref=sr_1_50?crid=3W06P6JS4UAQK&keywords=canon+5d&qid=1650956683&sprefix=canon+5d%2Caps%2C502&sr=8-50,,
Canon EOS 5DS R DSLR Camera(Body Only) Bundle with 64GB Memory Card + Carrying Case + Spare Battery + More - International Version  ,/Canon-Camera-Bundle-Carrying-Battery/dp/B07QHN411K/ref=sr_1_51?crid=3W06P6JS4UAQK&keywords=canon+5d&qid=1650956683&sprefix=canon+5d%2Caps%2C502&sr=8-51,,
Canon PowerShot SX420 Digital Camera w/ 42x Optical Zoom - Wi-Fi & NFC Enabled (Black)  ,/Canon-PowerShot-Digital-Camera-Optical/dp/B019UDI5PO/ref=sr_1_52?crid=3W06P6JS4UAQK&keywords=canon+5d&qid=1650956683&sprefix=canon+5d%2Caps%2C502&sr=8-52,,
Canon EOS Rebel T6 Digital SLR Camera Kit with EF-S 18-55mm f/3.5-5.6 IS II Lens (Black)  ,/Canon-T6-Digital-18-55mm-3-5-5-6/dp/B01CO2JPYS/ref=sr_1_53?crid=3W06P6JS4UAQK&keywords=canon+5d&qid=1650956683&sprefix=canon+5d%2Caps%2C502&sr=8-53,,
Canon EOS 6D Mark II Digital SLR Camera Body with Cleaning Kit  ,/Canon-Mark-Digital-Camera-Body/dp/B075QLG89W/ref=sr_1_54?crid=3W06P6JS4UAQK&keywords=canon+5d&qid=1650956683&sprefix=canon+5d%2Caps%2C502&sr=8-54,,
Canon Rebel XSi DSLR Camera with EF-S 18-55mm f/3.5-5.6 IS Lens (OLD MODEL)  ,/Canon-Rebel-Camera-18-55mm-3-5-5-6/dp/B0012YA85A/ref=sr_1_55?crid=3W06P6JS4UAQK&keywords=canon+5d&qid=1650956683&sprefix=canon+5d%2Caps%2C502&sr=8-55,,
Canon EOS Rebel T5 Digital SLR Camera Kit with EF-S 18-55mm IS II Lens  ,/Canon-Rebel-Digital-Camera-18-55mm/dp/B00IB1BTWI/ref=sr_1_56?crid=3W06P6JS4UAQK&keywords=canon+5d&qid=1650956683&sprefix=canon+5d%2Caps%2C502&sr=8-56,,
Canon EOS 7D 18 MP CMOS Digital SLR Camera Body Only - International Version  ,/Canon-CMOS-Digital-Camera-Body/dp/B002NEFL64/ref=sr_1_57?crid=3W06P6JS4UAQK&keywords=canon+5d&qid=1650956683&sprefix=canon+5d%2Caps%2C502&sr=8-57,,
Canon Rebel XTi DSLR Camera with EF-S 18-55mm f/3.5-5.6 Lens (OLD MODEL)  ,/Canon-Rebel-Camera-18-55mm-3-5-5-6/dp/B000I1ZWRC/ref=sr_1_58?crid=3W06P6JS4UAQK&keywords=canon+5d&qid=1650956683&sprefix=canon+5d%2Caps%2C502&sr=8-58,,
Canon EOS-1D Mark II 8.2MP Digital SLR Camera (Body Only)  ,/Canon-EOS-1D-8-2MP-Digital-Camera/dp/B0001G112O/ref=sr_1_59?crid=3W06P6JS4UAQK&keywords=canon+5d&qid=1650956683&sprefix=canon+5d%2Caps%2C502&sr=8-59,,
EOS 1D Mark III DSLR 10MP CF I/II SD SDHC 3IN LCD USB LI-ION  ,/1D-Mark-III-DSLR-LI-ION/dp/B000NP1C5O/ref=sr_1_60?crid=3W06P6JS4UAQK&keywords=canon+5d&qid=1650956683&sprefix=canon+5d%2Caps%2C502&sr=8-60,,
Canon EOS 1D Mark IV 16.1 MP CMOS Digital SLR Camera with 3-Inch LCD and 1080p HD Video (Body Only)  ,/Canon-EOS-1D-Mark-IV/dp/B002TG3ZYQ/ref=sr_1_61?crid=3W06P6JS4UAQK&keywords=canon+5d&qid=1650956683&sprefix=canon+5d%2Caps%2C502&sr=8-61,,
Canon EOS 1Ds Mark II 16.7MP Digital SLR Camera (Body Only)  ,/Canon-Mark-16-7MP-Digital-Camera/dp/B00064O8Z8/ref=sr_1_62?crid=3W06P6JS4UAQK&keywords=canon+5d&qid=1650956683&sprefix=canon+5d%2Caps%2C502&sr=8-62,,
"Canon EOS Rebel T6 Digital SLR Camera Kit with EF-S 18-55mm f/3.5-5.6 is II Lens, Built-in WiFi and NFC - Black (US Model)  ",/Canon-EOS-Rebel-T6-Digital/dp/B07FYCLVMG/ref=sr_1_63?crid=3W06P6JS4UAQK&keywords=canon+5d&qid=1650956683&sprefix=canon+5d%2Caps%2C502&sr=8-63,,
Canon EOS Rebel T6 Digital SLR Camera with 18-55mm EF-S f/3.5-5.6 is II Lens + 58mm Wide Angle Lens + 2X Telephoto Lens + Flash + 64GB SD Memory Card + UV Filter Kit + Tripod + Full Accessory Bundle  ,/Digital-18-55mm-3-5-5-6-Telephoto-Accessory/dp/B077GGTV9P/ref=sr_1_64?crid=3W06P6JS4UAQK&keywords=canon+5d&qid=1650956683&sprefix=canon+5d%2Caps%2C502&sr=8-64,729,31
Canon EOS Rebel T6s Digital SLR (Body Only) - Wi-Fi Enabled  ,/Canon-Rebel-Digital-Body-Only/dp/B00T3ERM4Q/ref=sr_1_65?crid=3W06P6JS4UAQK&keywords=canon+5d&qid=1650956686&sprefix=canon+5d%2Caps%2C502&sr=8-65,,
Canon Digital SLR Camera Body [EOS 80D] with EF-S 18-55mm f/3.5-5.6 Image Stabilization STM Lens with 24.2 Megapixel (APS-C) CMOS Sensor and Dual Pixel CMOS AF - Black  ,/Canon-Digital-18-55mm-Stabilization-Megapixel/dp/B01BUYJXMA/ref=sr_1_66?crid=3W06P6JS4UAQK&keywords=canon+5d&qid=1650956686&sprefix=canon+5d%2Caps%2C502&sr=8-66,,
Canon EOS Rebel T6i Digital SLR (Body Only) - Wi-Fi Enabled  ,/Canon-Rebel-Digital-Body-Only/dp/B00T3ERFFW/ref=sr_1_67?crid=3W06P6JS4UAQK&keywords=canon+5d&qid=1650956686&sprefix=canon+5d%2Caps%2C502&sr=8-67,,
Canon EOS Rebel T3i Digital SLR Camera Body Only (discontinued by manufacturer)  ,/Canon-Digital-Camera-discontinued-manufacturer/dp/B004M170YC/ref=sr_1_68?crid=3W06P6JS4UAQK&keywords=canon+5d&qid=1650956686&sprefix=canon+5d%2Caps%2C502&sr=8-68,,
"Canon EOS-1D X Mark III DSLR Camera | with CFexpress Card & Reader Bundle kit | 20.1 MP Full-Frame CMOS Image Sensor | DIGIC X Image Processor | 4K Video | and Dual CFexpress Card Slots, Black  ",/Canon-EOS-1D-CFexpress-Full-Frame-Processor/dp/B083GKJ9NC/ref=sr_1_69?crid=3W06P6JS4UAQK&keywords=canon+5d&qid=1650956686&sprefix=canon+5d%2Caps%2C502&sr=8-69,6699,41
Canon EOS 40D 10.1MP Digital SLR Camera (Body Only)  ,/Canon-10-1MP-Digital-Camera-Body/dp/B000V5P90K/ref=sr_1_70?crid=3W06P6JS4UAQK&keywords=canon+5d&qid=1650956686&sprefix=canon+5d%2Caps%2C502&sr=8-70,,
Canon EOS Rebel SL2 DSLR Camera with EF-S 18-55mm STM Lens - WiFi Enabled  ,/Canon-Rebel-DSLR-Camera-18-55mm/dp/B071K62DPN/ref=sr_1_71?crid=3W06P6JS4UAQK&keywords=canon+5d&qid=1650956686&sprefix=canon+5d%2Caps%2C502&sr=8-71,,
Canon EOS Rebel T3 Digital SLR Camera with EF-S 18-55mm f/3.5-5.6 IS Lens (discontinued by manufacturer)  ,/Canon-Digital-18-55mm-discontinued-manufacturer/dp/B004J3Y9U6/ref=sr_1_72?crid=3W06P6JS4UAQK&keywords=canon+5d&qid=1650956686&sprefix=canon+5d%2Caps%2C502&sr=8-72,,
Canon EOS Rebel T5 Digital SLR Camera with EF-S 18-55mm IS II + EF 75-300mm f/4-5.6 III Bundle  ,/Canon-Digital-Camera-18-55mm-75-300mm/dp/B00V73JZY6/ref=sr_1_73?crid=3W06P6JS4UAQK&keywords=canon+5d&qid=1650956686&sprefix=canon+5d%2Caps%2C502&sr=8-73,,
Canon EOS M5 Mirrorless Camera Body - Wi-Fi Enabled & Bluetooth  ,/Canon-EOS-Mirrorless-Camera-Body/dp/B01LWUQDHJ/ref=sr_1_74?crid=3W06P6JS4UAQK&keywords=canon+5d&qid=1650956686&sprefix=canon+5d%2Caps%2C502&sr=8-74,999,137
Canon EOS 1DX Mark II DSLR Body  ,/Canon-1DX-Mark-II-DSLR/dp/B078R2G21T/ref=sr_1_75?crid=3W06P6JS4UAQK&keywords=canon+5d&qid=1650956686&sprefix=canon+5d%2Caps%2C502&sr=8-75,,
Canon EOS Rebel SL1 with 18-55mm STM with 55-250mm STM Lenses  ,/Canon-Rebel-18-55mm-55-250mm-Lenses/dp/B00L8D06JI/ref=sr_1_76?crid=3W06P6JS4UAQK&keywords=canon+5d&qid=1650956686&sprefix=canon+5d%2Caps%2C502&sr=8-76,899,18
Canon Digital SLR Camera EOS 60D with EF-S18-55mm / EF-S55-250mm Lens Kit - International Version  ,/Canon-Digital-Camera-EF-S18-55mm-EF-S55-250mm/dp/B004BX97B0/ref=sr_1_77?crid=3W06P6JS4UAQK&keywords=canon+5d&qid=1650956686&sprefix=canon+5d%2Caps%2C502&sr=8-77,,
EOS REBEL T7 18-55mm f/3.5-5.6 IS II Kit and SanDisk 16GB Extreme SDHC UHS-I Memory Card  ,/18-55mm-3-5-5-6-SanDisk-Extreme-Memory/dp/B07P4PRSBG/ref=sr_1_78?crid=3W06P6JS4UAQK&keywords=canon+5d&qid=1650956686&sprefix=canon+5d%2Caps%2C502&sr=8-78,488,45
Canon EOS Rebel T3i 18 MP CMOS Digital SLR Camera and DIGIC 4 Imaging with EF-S 18-55mm f/3.5-5.6 is Lens  ,/Canon-Rebel-Digital-Imaging-18-55mm/dp/B005I4YCXY/ref=sr_1_79?crid=3W06P6JS4UAQK&keywords=canon+5d&qid=1650956686&sprefix=canon+5d%2Caps%2C502&sr=8-79,,
Canon EOS 60D 18 MP CMOS Digital SLR Camera (Body Only) - International Version  ,/Canon-CMOS-Digital-Camera-Body/dp/B00410CI78/ref=sr_1_80?crid=3W06P6JS4UAQK&keywords=canon+5d&qid=1650956686&sprefix=canon+5d%2Caps%2C502&sr=8-80,,
"Canon PowerShot SX540 HS Digital Camera w/ 50x Optical Zoom - Wi-Fi & NFC Enabled (Black), 1 - 1067C001  ",/Canon-PowerShot-Digital-Camera-Optical/dp/B019UDIAI6/ref=sr_1_81?crid=3W06P6JS4UAQK&keywords=canon+5d&qid=1650956688&sprefix=canon+5d%2Caps%2C502&sr=8-81,,
"Sony a7R III Mirrorless Camera: 42.4MP Full Frame High Resolution Interchangeable Lens Digital Camera with Front End LSI Image Processor, 4K HDR Video and 3"" LCD Screen - ILCE7RM3/B Body, Black  ",/Sony-a7R-Mirrorless-Camera-Interchangeable/dp/B076TGDHPT/ref=sr_1_82?crid=3W06P6JS4UAQK&keywords=canon+5d&qid=1650956688&sprefix=canon+5d%2Caps%2C502&sr=8-82,2798,466
"Canon EOS Rebel T7i US 24.2 Digital SLR Camera with 3-Inch LCD, Black (1894C002)  ",/Canon-Digital-Camera-3-Inch-1894C002/dp/B06VT2NQD8/ref=sr_1_83?crid=3W06P6JS4UAQK&keywords=canon+5d&qid=1650956688&sprefix=canon+5d%2Caps%2C502&sr=8-83,,
Canon EOS M10 Mirrorless Camera Kit with EF-M 15-45mm Image Stabilization STM Lens Kit  ,/Canon-Mirrorless-Camera-15-45mm-Stabilization/dp/B0167PZXDK/ref=sr_1_84?crid=3W06P6JS4UAQK&keywords=canon+5d&qid=1650956688&sprefix=canon+5d%2Caps%2C502&sr=8-84,658,87
"Canon EOS M100 Mirrorless Camera w/ 15-45mm Lens & 55-200mm Lens - Wi-Fi, Bluetooth, and NFC enabled (Black)  ",/Canon-Mirrorless-Camera-15-45mm-55-200mm/dp/B074VHT4JL/ref=sr_1_85?crid=3W06P6JS4UAQK&keywords=canon+5d&qid=1650956688&sprefix=canon+5d%2Caps%2C502&sr=8-85,,
Canon EOS RP Mirrorless Camera 26.2MP Portable Full Frame Body Only 3380C002 with Lens Mount Adapter EF-EOS R Adapts EF and EF-S Lenses to EOS R  ,/Canon-Mirrorless-Portable-3380C002-Adapter/dp/B07QX96B97/ref=sr_1_86?crid=3W06P6JS4UAQK&keywords=canon+5d&qid=1650956688&sprefix=canon+5d%2Caps%2C502&sr=8-86,1249,3
"Canon EOS R Mirrorless Digital Camera Body Bundle, Includes 64GB SDXC Extreme PRO Memory Card, Spare Battery, AC/DC Travel Charger, More (7 Items)  ",/Canon-EOS-Mirrorless-Digital-Camera/dp/B07KVN8217/ref=sr_1_87?crid=3W06P6JS4UAQK&keywords=canon+5d&qid=1650956688&sprefix=canon+5d%2Caps%2C502&sr=8-87,,
Canon EOS 5D Mark IV Full Frame Digital SLR Camera Body  ,/Canon-Mark-Frame-Digital-Camera/dp/B01KURGS9E/ref=sr_1_1?crid=3W06P6JS4UAQK&keywords=canon+5d&qid=1651039729&sprefix=canon+5d%2Caps%2C502&sr=8-1,,
Canon EOS 5D Mark IV Full Frame Digital SLR Camera Body (Renewed)  ,/Canon-EOS-5D-Mark-IV/dp/B07DTW9B8P/ref=sr_1_2?crid=3W06P6JS4UAQK&keywords=canon+5d&qid=1651039729&sprefix=canon+5d%2Caps%2C502&sr=8-2,2399,48
Canon EOS 5D Mark IV DSLR Body with Canon Log  ,/Canon-Mark-Digital-Camera-Body/dp/B0101S4BSM/ref=sr_1_3?crid=3W06P6JS4UAQK&keywords=canon+5d&qid=1651039729&sprefix=canon+5d%2Caps%2C502&sr=8-3,2799,8
Canon EOS 5D 12.8 MP Digital SLR Camera (Body Only)  ,/Canon-12-8-Digital-Camera-Body/dp/B0007Y791C/ref=sr_1_4?crid=3W06P6JS4UAQK&keywords=canon+5d&qid=1651039729&sprefix=canon+5d%2Caps%2C502&sr=8-4,,
Canon EOS 5D Mark IV DSLR Body - with Canon BG-E20 Battery Grip  ,/Canon-5D-Mark-IV-DSLR/dp/B0779PCYR9/ref=sr_1_5?crid=3W06P6JS4UAQK&keywords=canon+5d&qid=1651039729&sprefix=canon+5d%2Caps%2C502&sr=8-5,2599,92
Canon EOS 5D Mark II Full Frame DSLR Camera (Body Only) (OLD MODEL)  ,/Canon-Mark-Frame-Camera-MODEL/dp/B001G5ZTLS/ref=sr_1_6?crid=3W06P6JS4UAQK&keywords=canon+5d&qid=1651039729&sprefix=canon+5d%2Caps%2C502&sr=8-6,,
Canon EOS 5D Mark III 22.3 MP Full Frame CMOS with 1080p Full-HD Video Mode Digital SLR Camera (Body)  ,/Canon-Frame-Full-HD-Digital-Camera/dp/B007FGYZFI/ref=sr_1_7?crid=3W06P6JS4UAQK&keywords=canon+5d&qid=1651039729&sprefix=canon+5d%2Caps%2C502&sr=8-7,,
Canon EOS 5D Mark III 22.3 MP Full Frame CMOS with 1080p Full-HD Video Mode Digital SLR Camera (Body)  ,/Canon-Frame-Full-HD-Digital-Camera/dp/B00SMNZ0P2/ref=sr_1_8?crid=3W06P6JS4UAQK&keywords=canon+5d&qid=1651039729&sprefix=canon+5d%2Caps%2C502&sr=8-8,,
Canon EOS M50 Mark II + EF-M 15-45mm is STM Kit Black  ,/Canon-Mark-EF-M-15-45mm-Black/dp/B08KSKV35C/ref=sr_1_9?crid=3W06P6JS4UAQK&keywords=canon+5d&qid=1651039729&sprefix=canon+5d%2Caps%2C502&sr=8-9,,
"Canon EOS R Mirrorless Full Frame Camera w/ RF24-105mm F4-7.1 IS STM Lens Kit - Vlogging Camera 4K, Content Creator Camera, Wi-Fi, 30.3 MP Full-Frame CMOS Sensor, Dual Pixel CMOS AF (Body + Lens)  ",/Canon-Plus-RF24-105mm-F4-7-1-Black/dp/B088MMTS9P/ref=sr_1_10?crid=3W06P6JS4UAQK&keywords=canon+5d&qid=1651039729&sprefix=canon+5d%2Caps%2C502&sr=8-10,,
"Canon EOS R Mirrorless Full Frame Camera - Vlogging Camera 4K, Content Creator Camera, Wi-Fi, 30.3 MP Full-Frame CMOS Sensor, Dual Pixel CMOS AF (Body Only)  ",/Canon-Mirrorless-Digital-Camera-Body/dp/B07H484HLT/ref=sr_1_11?crid=3W06P6JS4UAQK&keywords=canon+5d&qid=1651039729&sprefix=canon+5d%2Caps%2C502&sr=8-11,,
"Canon Mirrorless Camera [EOS M6 Mark II] (Body) for Vlogging|CMOS (APS-C) Sensor| Dual Pixel CMOS Auto Focus| Wi-Fi |Bluetooth and 4K Video, Black  ",/Canon-Mark-Mirrorless-Camera-Black/dp/B07WJYY49W/ref=sr_1_12?crid=3W06P6JS4UAQK&keywords=canon+5d&qid=1651039729&sprefix=canon+5d%2Caps%2C502&sr=8-12,849,159
"Canon EOS R6 Mirrorless Digital Camera (Body) with Starter Accessory Bundle. Includes: 64GB Ultra Memory Card, 1x Canon LP-E6NH Battery, Battery Charger for LP-E6NH Batteries, Carrying Case, & More  ",/Canon-Mirrorless-Digital-Starter-Accessory/dp/B09MDSLMV1/ref=sr_1_13?crid=3W06P6JS4UAQK&keywords=canon+5d&qid=1651039729&sprefix=canon+5d%2Caps%2C502&sr=8-13,,
Canon EOS Rebel T7 DSLR Camera with 18-55mm Lens | Built-in Wi-Fi | 24.1 MP CMOS Sensor | DIGIC 4+ Image Processor and Full HD Videos  ,/Canon-Rebel-T7-18-55mm-II/dp/B07C2Z21X5/ref=sr_1_14?crid=3W06P6JS4UAQK&keywords=canon+5d&qid=1651039729&sprefix=canon+5d%2Caps%2C502&sr=8-14,479,1862
"Canon EOS R5 Full-Frame Mirrorless Camera - 8K Video, 45 Megapixel Full-Frame CMOS Sensor, DIGIC X Image Processor, Up to 12 fps Mechanical Shutter (Body Only)  ",/Canon-Full-Frame-Mirrorless-Megapixel-Processor/dp/B08C68F2DX/ref=sr_1_15?crid=3W06P6JS4UAQK&keywords=canon+5d&qid=1651039729&sprefix=canon+5d%2Caps%2C502&sr=8-15,,
"Canon EOS R6 Full-Frame Mirrorless Camera + RF24-105mm F4-7.1 is STM Lens Kit, Black (4082C022)  ",/Canon-Full-Frame-Mirrorless-RF24-105mm-4082C022/dp/B08BW8H44J/ref=sr_1_16?crid=3W06P6JS4UAQK&keywords=canon+5d&qid=1651039729&sprefix=canon+5d%2Caps%2C502&sr=8-16,,
"Canon EOS REBEL SL3 Digital SLR Camera with EF-S 18-55mm Lens kit, Built-in Wi-Fi, Dual Pixel CMOS AF and 3.0 Inch Vari-Angle Touch Screen, Black  ",/Canon-Rebel-18-55mm-Lens-Black/dp/B07QBD256Y/ref=sr_1_17?crid=3W06P6JS4UAQK&keywords=canon+5d&qid=1651039733&sprefix=canon+5d%2Caps%2C502&sr=8-17,,
"Canon EOS M50 Mark II Content Creator Kit, Mirrorless 4K Vlogging Camera Kit Includes EF-M 15-45mm Lens, Tripod Grip, Stereo Microphone  ",/Canon-Content-Mirrorless-Vlogging-Microphone/dp/B08YP52CV4/ref=sr_1_18?crid=3W06P6JS4UAQK&keywords=canon+5d&qid=1651039733&sprefix=canon+5d%2Caps%2C502&sr=8-18,,
"Canon EOS RP Full Frame Mirrorless Vlogging Portable Digital Camera with 26.2MP Full-Frame CMOS Sensor, Wi-Fi , Bluetooth, 4K Video Recording and 3.0” Vari-angle Touch LCD Screen, Body, Black,  ",/Canon-EOS-Mirrorless-Camera-Body/dp/B07N9KDCGV/ref=sr_1_19?crid=3W06P6JS4UAQK&keywords=canon+5d&qid=1651039733&sprefix=canon+5d%2Caps%2C502&sr=8-19,,
Fujifilm X-T4 Mirrorless Camera Body - Silver  ,/Fujifilm-X-T4-Mirrorless-Camera-Body/dp/B084ZTN8W5/ref=sr_1_20?crid=3W06P6JS4UAQK&keywords=canon+5d&qid=1651039733&sprefix=canon+5d%2Caps%2C502&sr=8-20,1699,112
"Canon PowerShot Digital Camera [G7 X Mark II] with Wi-Fi & NFC, LCD Screen, and 1-Inch Sensor - Black, 100 - 1066C001  ",/Canon-PowerShot-Digital-Camera-Screen/dp/B01BV14OXA/ref=sr_1_21?crid=3W06P6JS4UAQK&keywords=canon+5d&qid=1651039733&sprefix=canon+5d%2Caps%2C502&sr=8-21,,
Canon Digital SLR Camera Body [EOS 80D] and EF-S 18-135mm f/3.5-5.6 Image Stabilization USM Lens with 24.2 Megapixel (APS-C) CMOS Sensor and Dual Pixel CMOS AF (Black)  ,/Canon-Digital-18-135mm-Stabilization-Megapixel/dp/B01BUYJX6G/ref=sr_1_22?crid=3W06P6JS4UAQK&keywords=canon+5d&qid=1651039733&sprefix=canon+5d%2Caps%2C502&sr=8-22,1499,513
"Canon EOS R6 Mirrorless Digital Camera (Body) w/Canon RF 50mm f/1.8 STM Lens & 12PC Accessory Bundle. Bundle Includes: 64GB Ultra SDXC Memory Card, 1x Seller Replacement Extended Life Battery, & More  ",/Canon-Mirrorless-Digital-Accessory-Bundle/dp/B09MG4HK2R/ref=sr_1_23?crid=3W06P6JS4UAQK&keywords=canon+5d&qid=1651039733&sprefix=canon+5d%2Caps%2C502&sr=8-23,,
Canon EOS-1DX Mark II DSLR Camera (Body Only)  ,/Canon-EOS-1DX-Mark-DSLR-Camera/dp/B01B6OTTIM/ref=sr_1_24?crid=3W06P6JS4UAQK&keywords=canon+5d&qid=1651039733&sprefix=canon+5d%2Caps%2C502&sr=8-24,,
"Canon EOS 6D Mark II Digital SLR Camera Body, Wi-Fi Enabled  ",/Canon-Mark-Digital-Camera-Body/dp/B072MZCJKN/ref=sr_1_25?crid=3W06P6JS4UAQK&keywords=canon+5d&qid=1651039733&sprefix=canon+5d%2Caps%2C502&sr=8-25,,
"Canon DSLR Camera [EOS 90D] with Built-in Wi-Fi, Bluetooth, DIGIC 8 Image Processor, 4K Video, Dual Pixel CMOS AF, and 3.0 Inch Vari-Angle Touch LCD Screen, [Body Only], Black  ",/Canon-Digital-Camera-Black-3616C002/dp/B07WFQYDD5/ref=sr_1_26?crid=3W06P6JS4UAQK&keywords=canon+5d&qid=1651039733&sprefix=canon+5d%2Caps%2C502&sr=8-26,,
Canon Digital SLR Camera Body [EOS 80D] with 24.2 Megapixel (APS-C) CMOS Sensor and Dual Pixel CMOS AF - Black  ,/Canon-Digital-Camera-Megapixel-Sensor/dp/B01BUYK04A/ref=sr_1_27?crid=3W06P6JS4UAQK&keywords=canon+5d&qid=1651039733&sprefix=canon+5d%2Caps%2C502&sr=8-27,,
"Canon EOS M50 Mirrorless Vlogging Camera Kit with EF-M 15-45mm Lens, Black  ",/Canon-Mirrorless-Camera-EF-M15-45mm-Video/dp/B079Y45KTJ/ref=sr_1_28?crid=3W06P6JS4UAQK&keywords=canon+5d&qid=1651039733&sprefix=canon+5d%2Caps%2C502&sr=8-28,,
Canon EOS 70D Digital SLR Camera (Body Only)  ,/Canon-Digital-Camera-Body-Only/dp/B00DMS0GTC/ref=sr_1_29?crid=3W06P6JS4UAQK&keywords=canon+5d&qid=1651039733&sprefix=canon+5d%2Caps%2C502&sr=8-29,,
Canon EOS 7D Mark II Digital SLR Camera (Body Only)  ,/Canon-Mark-Digital-Camera-Body/dp/B00NEWZDRG/ref=sr_1_30?crid=3W06P6JS4UAQK&keywords=canon+5d&qid=1651039733&sprefix=canon+5d%2Caps%2C502&sr=8-30,,
Canon EOS Rebel T6 Digital SLR Camera with 18-55mm EF-S f/3.5-5.6 is II Lens + 58mm Wide Angle Lens + 2X Telephoto Lens + Flash + 64GB SD Memory Card + UV Filter Kit + Tripod + Full Accessory Bundle  ,/Digital-18-55mm-3-5-5-6-Telephoto-Accessory/dp/B077GGTV9P/ref=sr_1_31?crid=3W06P6JS4UAQK&keywords=canon+5d&qid=1651039733&sprefix=canon+5d%2Caps%2C502&sr=8-31,729,31
OLYMPUS OM-D E-M10 Mark IV Silver Body with Silver M.Zuiko Digital ED 14-42mm F3.5-5.6 EZ Lens Kit  ,/Olympus-M-Zuiko-Digital-14-42mm-F3-5-5-6/dp/B08D5XVHNM/ref=sr_1_32?crid=3W06P6JS4UAQK&keywords=canon+5d&qid=1651039733&sprefix=canon+5d%2Caps%2C502&sr=8-32,799,188
Canon EOS 50D DSLR Camera (Body Only) (Discontinued by Manufacturer)  ,/Canon-50D-Body-Discontinued-Manufacturer/dp/B001EQ4BVI/ref=sr_1_33?crid=3W06P6JS4UAQK&keywords=canon+5d&qid=1651039739&sprefix=canon+5d%2Caps%2C502&sr=8-33,,
"Canon PowerShot G9 X Mark II Compact Digital Camera w/ 1 Inch Sensor and 3inch LCD - Wi-Fi, NFC, & Bluetooth Enabled (Silver)  ",/Canon-PowerShot-Compact-Digital-Camera/dp/B01N9MCH0E/ref=sr_1_34?crid=3W06P6JS4UAQK&keywords=canon+5d&qid=1651039739&sprefix=canon+5d%2Caps%2C502&sr=8-34,,
Canon EOS Rebel SL1 Digital SLR with 18-55mm STM + 75-300mm f/4-5.6 III Lens Bundle (Black)  ,/Canon-Digital-18-55mm-75-300mm-Bundle/dp/B00VQJASPG/ref=sr_1_35?crid=3W06P6JS4UAQK&keywords=canon+5d&qid=1651039739&sprefix=canon+5d%2Caps%2C502&sr=8-35,949,644
"Canon EOS M6 Mark II Digital Camera Ef-M 18-150mm F/3.5-6.3 IS STM Lens, Black  ",/Canon-Mirrorless-Camera-18-150mm-3-5-6-3/dp/B07WJYY49Q/ref=sr_1_36?crid=3W06P6JS4UAQK&keywords=canon+5d&qid=1651039739&sprefix=canon+5d%2Caps%2C502&sr=8-36,1349,504
"Canon EOS 5D Mark IV DSLR Camera with EF 50mm f/1.8 STM Lens, EF-S 10-18mm f/4.5-5.6 is STM Lens + Extreme Pro 64GB Memory Card, 72” Tripod, 2X Spare Batteries & Much More (36pc Bundle)  ",/Canon-10-18mm-4-5-5-6-Extreme-Batteries/dp/B09MJR8W9Y/ref=sr_1_37?crid=3W06P6JS4UAQK&keywords=canon+5d&qid=1651039739&sprefix=canon+5d%2Caps%2C502&sr=8-37,,
Canon EOS 6D 20.2 MP CMOS Digital SLR Camera with 3.0-Inch LCD (Body Only) - Wi-Fi Enabled  ,/Canon-20-2-Digital-Camera-3-0-Inch/dp/B009B0MZ8U/ref=sr_1_38?crid=3W06P6JS4UAQK&keywords=canon+5d&qid=1651039739&sprefix=canon+5d%2Caps%2C502&sr=8-38,,
"Canon EOS5DMK4 EOS 5D Mark IV DSLR Camera (Body Only) International Version (No Warranty), Black  ",/Canon-EOS5DMK4-International-Version-Warranty/dp/B01KZ4XI36/ref=sr_1_39?crid=3W06P6JS4UAQK&keywords=canon+5d&qid=1651039739&sprefix=canon+5d%2Caps%2C502&sr=8-39,,
Canon Powershot SX70 20.3MP Digital Camera 65x Optical Zoom Lens 4K Video 3-inch LCD Tilt Screen (Black)  ,/Canon-Powershot-20-3MP-Digital-Optical/dp/B07HH1PVRZ/ref=sr_1_40?crid=3W06P6JS4UAQK&keywords=canon+5d&qid=1651039739&sprefix=canon+5d%2Caps%2C502&sr=8-40,,
"Canon EOS 5D Mark IV DSLR Camera (Body Only) + Extreme Pro 64GB SDXC, Universal Speedlite w/LED Video Light, Lightweight 60” Tripod, Spare Battery, Water Resistant Backpack & Much More (25pc Bundle)  ",/Canon-Universal-Speedlite-Lightweight-Resistant/dp/B09MJQPT2J/ref=sr_1_41?crid=3W06P6JS4UAQK&keywords=canon+5d&qid=1651039739&sprefix=canon+5d%2Caps%2C502&sr=8-41,,
Canon PowerShot G7 X Digital Camera - Wi-Fi Enabled  ,/Canon-PowerShot-G7-Digital-Camera/dp/B00NEWYE12/ref=sr_1_42?crid=3W06P6JS4UAQK&keywords=canon+5d&qid=1651039739&sprefix=canon+5d%2Caps%2C502&sr=8-42,,
Canon EOS 7D 18 MP CMOS Digital SLR Camera Body Only (discontinued by manufacturer)  ,/Canon-Digital-Camera-discontinued-manufacturer/dp/B002NEGTTW/ref=sr_1_43?crid=3W06P6JS4UAQK&keywords=canon+5d&qid=1651039739&sprefix=canon+5d%2Caps%2C502&sr=8-43,,
"Canon PowerShot G7X Mark III Digital 4K Vlogging Camera, Vertical 4K Video Support with Wi-Fi, NFC and 3.0-Inch Touch Tilt LCD, Black  ",/Canon-PowerShot-Digital-Camera-Screen/dp/B07TKNCQZL/ref=sr_1_44?crid=3W06P6JS4UAQK&keywords=canon+5d&qid=1651039739&sprefix=canon+5d%2Caps%2C502&sr=8-44,,
"Canon Digital SLR Camera Kit [EOS Rebel T6] with EF-S 18-55mm and EF 75-300mm Zoom Lenses - Black, full-size  ",/Canon-Digital-Camera-18-55mm-75-300mm/dp/B01CQJHJ2E/ref=sr_1_45?crid=3W06P6JS4UAQK&keywords=canon+5d&qid=1651039739&sprefix=canon+5d%2Caps%2C502&sr=8-45,,
Canon EOS 20D DSLR Camera (Body Only) (OLD MODEL)  ,/Canon-DSLR-Camera-Body-MODEL/dp/B0002XQI2E/ref=sr_1_46?crid=3W06P6JS4UAQK&keywords=canon+5d&qid=1651039739&sprefix=canon+5d%2Caps%2C502&sr=8-46,,
Canon EOS 5DS R Digital SLR with Low-Pass Filter Effect Cancellation (Body Only)  ,/Canon-Digital-Low-Pass-Filter-Cancellation/dp/B00T3ERT5S/ref=sr_1_47?crid=3W06P6JS4UAQK&keywords=canon+5d&qid=1651039739&sprefix=canon+5d%2Caps%2C502&sr=8-47,,
Canon EOS-1D X 18.1MP Full Frame CMOS Digital SLR Camera (Discontinued by Manufacturer)  ,/Canon-EOS-1D-Digital-Discontinued-Manufacturer/dp/B005Y3T1AI/ref=sr_1_48?crid=3W06P6JS4UAQK&keywords=canon+5d&qid=1651039739&sprefix=canon+5d%2Caps%2C502&sr=8-48,,
Canon EOS-5D Mark II EOS 5D Mark 2 Body + 8GB  ,/Canon-EOS-5D-Mark-Digitalkamera/dp/B001G7PBIC/ref=sr_1_49?crid=3W06P6JS4UAQK&keywords=canon+5d&qid=1651039742&sprefix=canon+5d%2Caps%2C502&sr=8-49,,
Canon EOS 60D 18 MP CMOS Digital SLR Camera Body Only  ,/Canon-CMOS-Digital-Camera-Body/dp/B0040JHVCC/ref=sr_1_50?crid=3W06P6JS4UAQK&keywords=canon+5d&qid=1651039742&sprefix=canon+5d%2Caps%2C502&sr=8-50,,
Canon EOS 1Ds Mark III DSLR Camera (Body Only) (OLD MODEL)  ,/Canon-Mark-DSLR-Camera-MODEL/dp/B000V5LX00/ref=sr_1_51?crid=3W06P6JS4UAQK&keywords=canon+5d&qid=1651039742&sprefix=canon+5d%2Caps%2C502&sr=8-51,,
Canon EOS 5DS R DSLR Camera(Body Only) Bundle with 64GB Memory Card + Carrying Case + Spare Battery + More - International Version  ,/Canon-Camera-Bundle-Carrying-Battery/dp/B07QHN411K/ref=sr_1_52?crid=3W06P6JS4UAQK&keywords=canon+5d&qid=1651039742&sprefix=canon+5d%2Caps%2C502&sr=8-52,,
Canon PowerShot SX420 Digital Camera w/ 42x Optical Zoom - Wi-Fi & NFC Enabled (Black)  ,/Canon-PowerShot-Digital-Camera-Optical/dp/B019UDI5PO/ref=sr_1_53?crid=3W06P6JS4UAQK&keywords=canon+5d&qid=1651039742&sprefix=canon+5d%2Caps%2C502&sr=8-53,,
Canon EOS Rebel T6 Digital SLR Camera Kit with EF-S 18-55mm f/3.5-5.6 IS II Lens (Black)  ,/Canon-T6-Digital-18-55mm-3-5-5-6/dp/B01CO2JPYS/ref=sr_1_54?crid=3W06P6JS4UAQK&keywords=canon+5d&qid=1651039742&sprefix=canon+5d%2Caps%2C502&sr=8-54,,
Canon EOS 6D Mark II Digital SLR Camera Body with Cleaning Kit  ,/Canon-Mark-Digital-Camera-Body/dp/B075QLG89W/ref=sr_1_55?crid=3W06P6JS4UAQK&keywords=canon+5d&qid=1651039742&sprefix=canon+5d%2Caps%2C502&sr=8-55,,
Canon EOS 1D Mark IV 16.1 MP CMOS Digital SLR Camera with 3-Inch LCD and 1080p HD Video (Body Only)  ,/Canon-EOS-1D-Mark-IV/dp/B002TG3ZYQ/ref=sr_1_56?crid=3W06P6JS4UAQK&keywords=canon+5d&qid=1651039742&sprefix=canon+5d%2Caps%2C502&sr=8-56,,
Canon EOS Rebel T5 Digital SLR Camera Kit with EF-S 18-55mm IS II Lens  ,/Canon-Rebel-Digital-Camera-18-55mm/dp/B00IB1BTWI/ref=sr_1_57?crid=3W06P6JS4UAQK&keywords=canon+5d&qid=1651039742&sprefix=canon+5d%2Caps%2C502&sr=8-57,,
Canon EOS Rebel T3i Digital SLR Camera Body Only (discontinued by manufacturer)  ,/Canon-Digital-Camera-discontinued-manufacturer/dp/B004M170YC/ref=sr_1_58?crid=3W06P6JS4UAQK&keywords=canon+5d&qid=1651039742&sprefix=canon+5d%2Caps%2C502&sr=8-58,,
Canon EOS-1D Mark II 8.2MP Digital SLR Camera (Body Only)  ,/Canon-EOS-1D-8-2MP-Digital-Camera/dp/B0001G112O/ref=sr_1_59?crid=3W06P6JS4UAQK&keywords=canon+5d&qid=1651039742&sprefix=canon+5d%2Caps%2C502&sr=8-59,,
Canon Rebel XSi DSLR Camera with EF-S 18-55mm f/3.5-5.6 IS Lens (OLD MODEL)  ,/Canon-Rebel-Camera-18-55mm-3-5-5-6/dp/B0012YA85A/ref=sr_1_60?crid=3W06P6JS4UAQK&keywords=canon+5d&qid=1651039742&sprefix=canon+5d%2Caps%2C502&sr=8-60,,
EOS 1D Mark III DSLR 10MP CF I/II SD SDHC 3IN LCD USB LI-ION  ,/1D-Mark-III-DSLR-LI-ION/dp/B000NP1C5O/ref=sr_1_61?crid=3W06P6JS4UAQK&keywords=canon+5d&qid=1651039742&sprefix=canon+5d%2Caps%2C502&sr=8-61,,
Canon Rebel XTi DSLR Camera with EF-S 18-55mm f/3.5-5.6 Lens (OLD MODEL)  ,/Canon-Rebel-Camera-18-55mm-3-5-5-6/dp/B000I1ZWRC/ref=sr_1_62?crid=3W06P6JS4UAQK&keywords=canon+5d&qid=1651039742&sprefix=canon+5d%2Caps%2C502&sr=8-62,,
Canon EOS Rebel T6s Digital SLR (Body Only) - Wi-Fi Enabled  ,/Canon-Rebel-Digital-Body-Only/dp/B00T3ERM4Q/ref=sr_1_63?crid=3W06P6JS4UAQK&keywords=canon+5d&qid=1651039742&sprefix=canon+5d%2Caps%2C502&sr=8-63,,
Canon EOS 1Ds Mark II 16.7MP Digital SLR Camera (Body Only)  ,/Canon-Mark-16-7MP-Digital-Camera/dp/B00064O8Z8/ref=sr_1_64?crid=3W06P6JS4UAQK&keywords=canon+5d&qid=1651039742&sprefix=canon+5d%2Caps%2C502&sr=8-64,,
Canon Digital SLR Camera Body [EOS 80D] with EF-S 18-55mm f/3.5-5.6 Image Stabilization STM Lens with 24.2 Megapixel (APS-C) CMOS Sensor and Dual Pixel CMOS AF - Black  ,/Canon-Digital-18-55mm-Stabilization-Megapixel/dp/B01BUYJXMA/ref=sr_1_65?crid=3W06P6JS4UAQK&keywords=canon+5d&qid=1651039744&sprefix=canon+5d%2Caps%2C502&sr=8-65,1249,310
Canon EOS 7D 18 MP CMOS Digital SLR Camera Body Only - International Version  ,/Canon-CMOS-Digital-Camera-Body/dp/B002NEFL64/ref=sr_1_66?crid=3W06P6JS4UAQK&keywords=canon+5d&qid=1651039744&sprefix=canon+5d%2Caps%2C502&sr=8-66,,
"Canon EOS Rebel T6 Digital SLR Camera Kit with EF-S 18-55mm f/3.5-5.6 is II Lens, Built-in WiFi and NFC - Black (US Model)  ",/Canon-EOS-Rebel-T6-Digital/dp/B07FYCLVMG/ref=sr_1_67?crid=3W06P6JS4UAQK&keywords=canon+5d&qid=1651039744&sprefix=canon+5d%2Caps%2C502&sr=8-67,,
Canon EOS Rebel T3 Digital SLR Camera with EF-S 18-55mm f/3.5-5.6 IS Lens (discontinued by manufacturer)  ,/Canon-Digital-18-55mm-discontinued-manufacturer/dp/B004J3Y9U6/ref=sr_1_68?crid=3W06P6JS4UAQK&keywords=canon+5d&qid=1651039744&sprefix=canon+5d%2Caps%2C502&sr=8-68,,
"Canon EOS-1D X Mark III DSLR Camera | with CFexpress Card & Reader Bundle kit | 20.1 MP Full-Frame CMOS Image Sensor | DIGIC X Image Processor | 4K Video | and Dual CFexpress Card Slots, Black  ",/Canon-EOS-1D-CFexpress-Full-Frame-Processor/dp/B083GKJ9NC/ref=sr_1_69?crid=3W06P6JS4UAQK&keywords=canon+5d&qid=1651039744&sprefix=canon+5d%2Caps%2C502&sr=8-69,6699,41
Canon EOS Rebel SL2 DSLR Camera with EF-S 18-55mm STM Lens - WiFi Enabled  ,/Canon-Rebel-DSLR-Camera-18-55mm/dp/B071K62DPN/ref=sr_1_70?crid=3W06P6JS4UAQK&keywords=canon+5d&qid=1651039744&sprefix=canon+5d%2Caps%2C502&sr=8-70,,
Canon EOS Rebel T6i Digital SLR (Body Only) - Wi-Fi Enabled  ,/Canon-Rebel-Digital-Body-Only/dp/B00T3ERFFW/ref=sr_1_71?crid=3W06P6JS4UAQK&keywords=canon+5d&qid=1651039744&sprefix=canon+5d%2Caps%2C502&sr=8-71,,
Canon EOS 1DX Mark II DSLR Body  ,/Canon-1DX-Mark-II-DSLR/dp/B078R2G21T/ref=sr_1_72?crid=3W06P6JS4UAQK&keywords=canon+5d&qid=1651039744&sprefix=canon+5d%2Caps%2C502&sr=8-72,,
Canon EOS Rebel SL1 with 18-55mm STM with 55-250mm STM Lenses  ,/Canon-Rebel-18-55mm-55-250mm-Lenses/dp/B00L8D06JI/ref=sr_1_73?crid=3W06P6JS4UAQK&keywords=canon+5d&qid=1651039744&sprefix=canon+5d%2Caps%2C502&sr=8-73,899,18
Canon EOS Rebel T5 Digital SLR Camera with EF-S 18-55mm IS II + EF 75-300mm f/4-5.6 III Bundle  ,/Canon-Digital-Camera-18-55mm-75-300mm/dp/B00V73JZY6/ref=sr_1_74?crid=3W06P6JS4UAQK&keywords=canon+5d&qid=1651039744&sprefix=canon+5d%2Caps%2C502&sr=8-74,,
Canon Digital SLR Camera EOS 60D with EF-S18-55mm / EF-S55-250mm Lens Kit - International Version  ,/Canon-Digital-Camera-EF-S18-55mm-EF-S55-250mm/dp/B004BX97B0/ref=sr_1_75?crid=3W06P6JS4UAQK&keywords=canon+5d&qid=1651039744&sprefix=canon+5d%2Caps%2C502&sr=8-75,,
Canon EOS 40D 10.1MP Digital SLR Camera (Body Only)  ,/Canon-10-1MP-Digital-Camera-Body/dp/B000V5P90K/ref=sr_1_76?crid=3W06P6JS4UAQK&keywords=canon+5d&qid=1651039744&sprefix=canon+5d%2Caps%2C502&sr=8-76,,
Canon EOS M5 Mirrorless Camera Body - Wi-Fi Enabled & Bluetooth  ,/Canon-EOS-Mirrorless-Camera-Body/dp/B01LWUQDHJ/ref=sr_1_77?crid=3W06P6JS4UAQK&keywords=canon+5d&qid=1651039744&sprefix=canon+5d%2Caps%2C502&sr=8-77,999,137
EOS REBEL T7 18-55mm f/3.5-5.6 IS II Kit and SanDisk 16GB Extreme SDHC UHS-I Memory Card  ,/18-55mm-3-5-5-6-SanDisk-Extreme-Memory/dp/B07P4PRSBG/ref=sr_1_78?crid=3W06P6JS4UAQK&keywords=canon+5d&qid=1651039744&sprefix=canon+5d%2Caps%2C502&sr=8-78,488,45
Canon EOS Rebel T3i 18 MP CMOS Digital SLR Camera and DIGIC 4 Imaging with EF-S 18-55mm f/3.5-5.6 is Lens  ,/Canon-Rebel-Digital-Imaging-18-55mm/dp/B005I4YCXY/ref=sr_1_79?crid=3W06P6JS4UAQK&keywords=canon+5d&qid=1651039744&sprefix=canon+5d%2Caps%2C502&sr=8-79,,
"Canon PowerShot SX540 HS Digital Camera w/ 50x Optical Zoom - Wi-Fi & NFC Enabled (Black), 1 - 1067C001  ",/Canon-PowerShot-Digital-Camera-Optical/dp/B019UDIAI6/ref=sr_1_80?crid=3W06P6JS4UAQK&keywords=canon+5d&qid=1651039744&sprefix=canon+5d%2Caps%2C502&sr=8-80,,
Canon EOS 60D 18 MP CMOS Digital SLR Camera (Body Only) - International Version  ,/Canon-CMOS-Digital-Camera-Body/dp/B00410CI78/ref=sr_1_81?crid=3W06P6JS4UAQK&keywords=canon+5d&qid=1651039748&sprefix=canon+5d%2Caps%2C502&sr=8-81,,
"Sony a7R III Mirrorless Camera: 42.4MP Full Frame High Resolution Interchangeable Lens Digital Camera with Front End LSI Image Processor, 4K HDR Video and 3"" LCD Screen - ILCE7RM3/B Body, Black  ",/Sony-a7R-Mirrorless-Camera-Interchangeable/dp/B076TGDHPT/ref=sr_1_82?crid=3W06P6JS4UAQK&keywords=canon+5d&qid=1651039748&sprefix=canon+5d%2Caps%2C502&sr=8-82,2798,467
Canon EOS M10 Mirrorless Camera Kit with EF-M 15-45mm Image Stabilization STM Lens Kit  ,/Canon-Mirrorless-Camera-15-45mm-Stabilization/dp/B0167PZXDK/ref=sr_1_83?crid=3W06P6JS4UAQK&keywords=canon+5d&qid=1651039748&sprefix=canon+5d%2Caps%2C502&sr=8-83,658,87
"Canon EOS M100 Mirrorless Camera w/ 15-45mm Lens & 55-200mm Lens - Wi-Fi, Bluetooth, and NFC enabled (Black)  ",/Canon-Mirrorless-Camera-15-45mm-55-200mm/dp/B074VHT4JL/ref=sr_1_84?crid=3W06P6JS4UAQK&keywords=canon+5d&qid=1651039748&sprefix=canon+5d%2Caps%2C502&sr=8-84,,
Canon EOS RP Mirrorless Camera 26.2MP Portable Full Frame Body Only 3380C002 with Lens Mount Adapter EF-EOS R Adapts EF and EF-S Lenses to EOS R  ,/Canon-Mirrorless-Portable-3380C002-Adapter/dp/B07QX96B97/ref=sr_1_85?crid=3W06P6JS4UAQK&keywords=canon+5d&qid=1651039748&sprefix=canon+5d%2Caps%2C502&sr=8-85,1249,3
"Canon EOS R Mirrorless Digital Camera Body Bundle, Includes 64GB SDXC Extreme PRO Memory Card, Spare Battery, AC/DC Travel Charger, More (7 Items)  ",/Canon-EOS-Mirrorless-Digital-Camera/dp/B07KVN8217/ref=sr_1_86?crid=3W06P6JS4UAQK&keywords=canon+5d&qid=1651039748&sprefix=canon+5d%2Caps%2C502&sr=8-86,,
Godox X1C E-TTL Wireless High Speed Sync 1/8000s Flash Receiver Compatible for Canon Cameras with CONXTRUE USB LED (X1R-C Receiver)  ,/gp/slredirect/picassoRedirect.html/ref=pa_sp_atf_next_aps_sr_pg2_1?ie=UTF8&adId=A0931004O046F3MFSDPR&url=%2FGodox-Wireless-Receiver-Compatible-CONXTRUE%2Fdp%2FB018G4EAVQ%2Fref%3Dsr_1_17_sspa%3Fcrid%3D3W06P6JS4UAQK%26keywords%3Dcanon%2B5d%26qid%3D1652081744%26sprefix%3Dcanon%2B5d%252Caps%252C502%26sr%3D8-17-spons%26psc%3D1&qualifier=1652081744&id=438262296288966&widgetName=sp_atf_next,40,44
Canon EOS 5D Mark IV DSLR Camera with 24-70mm f/4L Lens (1483C018) + Canon EF 24-70mm f/2.8L II USM Lens (5175B002) + 4K Monitor + Pro Mic + 2 x 64GB Memory Card + Color Filter Kit + More (Renewed)  ,/gp/slredirect/picassoRedirect.html/ref=pa_sp_atf_next_aps_sr_pg2_1?ie=UTF8&adId=A08499462PW8E4SKHM3DC&url=%2FCanon-24-70mm-1483C018-5175B002-Monitor%2Fdp%2FB09X68B8HX%2Fref%3Dsr_1_18_sspa%3Fcrid%3D3W06P6JS4UAQK%26keywords%3Dcanon%2B5d%26qid%3D1652081744%26sprefix%3Dcanon%2B5d%252Caps%252C502%26sr%3D8-18-spons%26psc%3D1&qualifier=1652081744&id=438262296288966&widgetName=sp_atf_next,,
Canon EOS 5D Mark IV Full Frame Digital SLR Camera Body Bundle + 128GB Ultra High Speed Memory + Battery Grip and Extra Battery  ,/Canon-Digital-Camera-Bundle-Battery/dp/B09TNPZW61/ref=sr_1_19?crid=3W06P6JS4UAQK&keywords=canon+5d&qid=1652081744&sprefix=canon+5d%2Caps%2C502&sr=8-19,2449,3
Canon EOS M50 Mark II + EF-M 15-45mm is STM Kit Black  ,/Canon-Mark-EF-M-15-45mm-Black/dp/B08KSKV35C/ref=sr_1_20?crid=3W06P6JS4UAQK&keywords=canon+5d&qid=1652081744&sprefix=canon+5d%2Caps%2C502&sr=8-20,699,745
Canon EOS 5D Mark IV DSLR Camera ( Body Only ) - Deal-Expo Accessories Bundle  ,/Canon-Mark-DSLR-Camera-Body/dp/B077H3KD19/ref=sr_1_21?crid=3W06P6JS4UAQK&keywords=canon+5d&qid=1652081744&sprefix=canon+5d%2Caps%2C502&sr=8-21,2239,51
"Canon Intl. EOS 5D Mark IV DSLR Camera (Body Only) Starter kit, Bundle with 128Gb Memory Card + Gadget Bag, Black, full-size (1483C002)  ",/Canon-Intl-Starter-full-size-1483C002/dp/B097F5Z2BC/ref=sr_1_22?crid=3W06P6JS4UAQK&keywords=canon+5d&qid=1652081744&sprefix=canon+5d%2Caps%2C502&sr=8-22,,
"Canon EOS R RF24-105mm F4-7.1 IS STM Lens Kit, Vlogging and Content Creator Camera 4K UHD, Digital Single-Lens Non-Reflex AF/AE, 0.4 Magnification, Mirrorless and Full-Frame, Compact & Lightweight  ",/Canon-Plus-RF24-105mm-F4-7-1-Black/dp/B088MMTS9P/ref=sr_1_23?crid=3W06P6JS4UAQK&keywords=canon+5d&qid=1652081744&sprefix=canon+5d%2Caps%2C502&sr=8-23,1899,244
Canon EOS 5D Mark IV Digital SLR Camera Bundle (Body Only) + Professional Accessory Bundle (14 Items)  ,/Canon-5D-IV-Professional-Accessory/dp/B06XDHL3VY/ref=sr_1_24?crid=3W06P6JS4UAQK&keywords=canon+5d&qid=1652081744&sprefix=canon+5d%2Caps%2C502&sr=8-24,2499,61
Canon EOS 5D Mark IV DSLR Full Frame Camera with EF 50mm F1.8 STM Lens + EF 75-300mm F4-5.6 III Lens Kit Prime Travel Bundle  ,/Canon-5D-Mark-IV-75-300mm/dp/B08LLGQW7H/ref=sr_1_25?crid=3W06P6JS4UAQK&keywords=canon+5d&qid=1652081744&sprefix=canon+5d%2Caps%2C502&sr=8-25,2999,21
"Canon EOS 6D Mark II with 50mm f/1.8 STM Prime Lens + 75-300mm III Lens + 128GB Memory + Pro Battery Bundle + Power Grip + TTL Speed Light + Pro Filters,(24pc Bundle)  ",/Canon-EOS-6D-Mark-II/dp/B07DX8WPNJ/ref=sr_1_26?crid=3W06P6JS4UAQK&keywords=canon+5d&qid=1652081744&sprefix=canon+5d%2Caps%2C502&sr=8-26,1899,30
"Movo 2.4GHz Wireless Lavalier Microphone System for Canon EOS 80D, 77D, 70D, 60D, 50D, 7D, 7D Mark II, 6D, 5DS, 5D, 5D Mark IV, 1D, Digital Rebel SL1, T7i, T6s, T6i, T5i, T4i & T3i DSLR Cameras  ",/gp/slredirect/picassoRedirect.html/ref=pa_sp_mtf_aps_sr_pg2_1?ie=UTF8&adId=A06379132RF7LD8FS9I37&url=%2FMovo-Wireless-Lavalier-Microphone-Digital%2Fdp%2FB00TIZ253I%2Fref%3Dsr_1_27_sspa%3Fcrid%3D3W06P6JS4UAQK%26keywords%3Dcanon%2B5d%26qid%3D1652081744%26sprefix%3Dcanon%2B5d%252Caps%252C502%26sr%3D8-27-spons%26psc%3D1%26smid%3DAJJXN514E694T&qualifier=1652081744&id=438262296288966&widgetName=sp_mtf,79,101
"JJC KIWIFOTOS Ergonomic Long Camera Eye Cup for Canon EOS 1D X Mark II/ 1D X/ 1Ds III/1D IV/ 1D III/ 5D IV/ 5D III/ 5DS/ 5DS R/ 7D II/ 7D, Eye Piece viewfinder as Canon Eg Eyecup, Soft Silicone  ",/gp/slredirect/picassoRedirect.html/ref=pa_sp_mtf_aps_sr_pg2_1?ie=UTF8&adId=A06708701KG6XKWTT41SR&url=%2FKIWIFOTOS-Ergonomic-Camera-viewfinder-Silicone%2Fdp%2FB0814JH8PK%2Fref%3Dsr_1_28_sspa%3Fcrid%3D3W06P6JS4UAQK%26keywords%3Dcanon%2B5d%26qid%3D1652081744%26sprefix%3Dcanon%2B5d%252Caps%252C502%26sr%3D8-28-spons%26psc%3D1&qualifier=1652081744&id=438262296288966&widgetName=sp_mtf,13,239
"Canon EOS 5D Mark IV with 24-105mm f/4 L is II USM + Tamron 70-300mm + 128GB Memory + Canon Camera Bag + Pro Battery Bundle + Power Grip + Microphone + TTL SpeedLight + Pro Filters,(24pc Bundle)  ",/Canon-EOS-5D-Mark-IV/dp/B07DPVJMPZ/ref=sr_1_29?crid=3W06P6JS4UAQK&keywords=canon+5d&qid=1652081744&sprefix=canon+5d%2Caps%2C502&sr=8-29,3799,22
Canon EOS 5D Mark IV Full Frame Digital SLR Camera with EF 24-105mm f/4L is II USM Lens Kit + Deal-Expo Advanced Accessories Bundle  ,/24-105mm-Capacity-Replacement-Batteries-Accessories/dp/B0762GV88F/ref=sr_1_30?crid=3W06P6JS4UAQK&keywords=canon+5d&qid=1652081744&sprefix=canon+5d%2Caps%2C502&sr=8-30,3389,3
Canon EOS 5D Mark IV Full Frame DSLR Camera 30.4MP Sensor with EF 75-300mm + 24-105mm Lens + ZeeTech Accessories Bundle Includes: 2 Pack SanDisk 32GB Card + Backpack + Much More  ,/Canon-EOS-5D-Mark-Accessories/dp/B09R31FYF4/ref=sr_1_31?crid=3W06P6JS4UAQK&keywords=canon+5d&qid=1652081744&sprefix=canon+5d%2Caps%2C502&sr=8-31,,
Canon EOS 6D Mark II DSLR Camera (Body) + Pixi Bundle  ,/Canon-Mark-DSLR-Camera-Bundle/dp/B081BBV4W1/ref=sr_1_32?crid=3W06P6JS4UAQK&keywords=canon+5d&qid=1652081744&sprefix=canon+5d%2Caps%2C502&sr=8-32,1349,18
"Canon EOS R Mirrorless Full Frame Camera - Vlogging Camera 4K, Content Creator Camera, Wi-Fi, 30.3 MP Full-Frame CMOS Sensor, Dual Pixel CMOS AF (Body Only)  ",/Canon-Mirrorless-Digital-Camera-Body/dp/B07H484HLT/ref=sr_1_33?crid=3W06P6JS4UAQK&keywords=canon+5d&qid=1652081744&sprefix=canon+5d%2Caps%2C502&sr=8-33,1599,507
Canon EOS 6D Mark II DSLR Camera (Body Only) (1897C002) + Canon EF 50mm Lens + 64GB Memory Card + Case + Filter Kit + Corel Photo Software + 2 x LPE6 Battery + LED Light + More (Renewed)  ,/Canon-1897C002-Software-Battery-Renewed/dp/B09L3CJBZJ/ref=sr_1_34?crid=3W06P6JS4UAQK&keywords=canon+5d&qid=1652081744&sprefix=canon+5d%2Caps%2C502&sr=8-34,1499,1
Canon EOS Rebel T7 DSLR Camera Bundle with Canon EF-S 18-55mm f/3.5-5.6 is II Lens + 2pc SanDisk 32GB Memory Cards + Accessory Kit  ,/Canon-T7-18-55mm-3-5-5-6-Accessory/dp/B07P15K8Q7/ref=sr_1_35?crid=3W06P6JS4UAQK&keywords=canon+5d&qid=1652081744&sprefix=canon+5d%2Caps%2C502&sr=8-35,579,2860
"Canon DSLR Camera [EOS 90D] with 18-135 is USM Lens | Built-in Wi-Fi, Bluetooth, DIGIC 8 Image Processor, 4K Video, Dual Pixel CMOS AF, and 3.0 Inch Vari-Angle Touch LCD Screen, Black  ",/Canon-Digital-Camera-18-135-Lens/dp/B07WHV3HXL/ref=sr_1_36?crid=3W06P6JS4UAQK&keywords=canon+5d&qid=1652081744&sprefix=canon+5d%2Caps%2C502&sr=8-36,1599,446
"LP-E6 Battery 2 Pack 2040mAh Camera Rechargeable Battery Charger, Dual Slot Compatible for Canon LP-E6N Camera Batteries EOS 90D 80D 70D 5D Mark II III IV 5DS 5DS R 6D 60D 6D Mark II 7D 7D II  ",/gp/slredirect/picassoRedirect.html/ref=pa_sp_btf_aps_sr_pg2_1?ie=UTF8&adId=A00931891ZSJWPZFU5TOU&url=%2FBattery-2040mAh-Rechargeable-Compatible-Batteries%2Fdp%2FB09KC41Y47%2Fref%3Dsr_1_37_sspa%3Fcrid%3D3W06P6JS4UAQK%26keywords%3Dcanon%2B5d%26qid%3D1652081744%26sprefix%3Dcanon%2B5d%252Caps%252C502%26sr%3D8-37-spons%26psc%3D1&qualifier=1652081744&id=438262296288966&widgetName=sp_btf,28,76
"SMALLRIG Field Monitor Holder Mount with Cold Shoe for 5 inch and 7 inch Monitor, Swivel and Tilt - BSE2346  ",/gp/slredirect/picassoRedirect.html/ref=pa_sp_btf_aps_sr_pg2_1?ie=UTF8&adId=A050386413FZ4WYL4HLY0&url=%2FSMALLRIG-Field-Monitor-Holder-Swivel%2Fdp%2FB07VQF78CF%2Fref%3Dsr_1_38_sspa%3Fcrid%3D3W06P6JS4UAQK%26keywords%3Dcanon%2B5d%26qid%3D1652081744%26sprefix%3Dcanon%2B5d%252Caps%252C502%26sr%3D8-38-spons%26psc%3D1&qualifier=1652081744&id=438262296288966&widgetName=sp_btf,32,1229
"Rokinon Series II 85mm F1.4 Weather Sealed Telephoto Lens for Canon EF, Model Number: SE85-C  ",/gp/slredirect/picassoRedirect.html/ref=pa_sp_atf_next_aps_sr_pg3_1?ie=UTF8&adId=A09987521O6A1P04C3LAK&url=%2FRokinon-Weather-Sealed-Telephoto-Number%2Fdp%2FB0898TWH32%2Fref%3Dsr_1_33_sspa%3Fcrid%3D3W06P6JS4UAQK%26keywords%3Dcanon%2B5d%26qid%3D1652081748%26sprefix%3Dcanon%2B5d%252Caps%252C502%26sr%3D8-33-spons%26psc%3D1&qualifier=1652081748&id=3318881577057405&widgetName=sp_atf_next,299,5
Delkin Devices 512GB Power CFexpress Type B Memory Card (DCFX1-512)  ,/gp/slredirect/picassoRedirect.html/ref=pa_sp_atf_next_aps_sr_pg3_1?ie=UTF8&adId=A06623813RJIL8251BL3&url=%2FDelkin-Devices-CFexpress-Memory-DCFX1-512%2Fdp%2FB088J48XH7%2Fref%3Dsr_1_34_sspa%3Fcrid%3D3W06P6JS4UAQK%26keywords%3Dcanon%2B5d%26qid%3D1652081748%26sprefix%3Dcanon%2B5d%252Caps%252C502%26sr%3D8-34-spons%26psc%3D1&qualifier=1652081748&id=3318881577057405&widgetName=sp_atf_next,481,245
"Canon EOS M50 Mirrorless Vlogging Camera Kit with EF-M 15-45mm Lens, Black  ",/Canon-Mirrorless-Camera-EF-M15-45mm-Video/dp/B079Y45KTJ/ref=sr_1_35?crid=3W06P6JS4UAQK&keywords=canon+5d&qid=1652081748&sprefix=canon+5d%2Caps%2C502&sr=8-35,,
"Canon EOS 5D Mark IV DSLR Camera with EF 50mm f/1.8 STM Lens, EF-S 10-18mm f/4.5-5.6 is STM Lens + Extreme Pro 64GB Memory Card, 72” Tripod, 2X Spare Batteries & Much More (36pc Bundle)  ",/Canon-10-18mm-4-5-5-6-Extreme-Batteries/dp/B09MJR8W9Y/ref=sr_1_36?crid=3W06P6JS4UAQK&keywords=canon+5d&qid=1652081748&sprefix=canon+5d%2Caps%2C502&sr=8-36,,
"Canon PowerShot Digital Camera [G7 X Mark II] with Wi-Fi & NFC, LCD Screen, and 1-Inch Sensor - Black, 100 - 1066C001  ",/Canon-PowerShot-Digital-Camera-Screen/dp/B01BV14OXA/ref=sr_1_37?crid=3W06P6JS4UAQK&keywords=canon+5d&qid=1652081748&sprefix=canon+5d%2Caps%2C502&sr=8-37,,
"Canon EOS 5D Mark IV DSLR Camera (Body Only) + Extreme Pro 64GB SDXC, Universal Speedlite w/LED Video Light, Lightweight 60” Tripod, Spare Battery, Water Resistant Backpack & Much More (25pc Bundle)  ",/Canon-Universal-Speedlite-Lightweight-Resistant/dp/B09MJQPT2J/ref=sr_1_38?crid=3W06P6JS4UAQK&keywords=canon+5d&qid=1652081748&sprefix=canon+5d%2Caps%2C502&sr=8-38,,
OLYMPUS OM-D E-M10 Mark IV Silver Body with Silver M.Zuiko Digital ED 14-42mm F3.5-5.6 EZ Lens Kit  ,/Olympus-M-Zuiko-Digital-14-42mm-F3-5-5-6/dp/B08D5XVHNM/ref=sr_1_39?crid=3W06P6JS4UAQK&keywords=canon+5d&qid=1652081748&sprefix=canon+5d%2Caps%2C502&sr=8-39,,
Canon EOS 6D 20.2 MP CMOS Digital SLR Camera with 3.0-Inch LCD (Body Only) - Wi-Fi Enabled  ,/Canon-20-2-Digital-Camera-3-0-Inch/dp/B009B0MZ8U/ref=sr_1_40?crid=3W06P6JS4UAQK&keywords=canon+5d&qid=1652081748&sprefix=canon+5d%2Caps%2C502&sr=8-40,,
Canon EOS-1D X 18.1MP Full Frame CMOS Digital SLR Camera (Discontinued by Manufacturer)  ,/Canon-EOS-1D-Digital-Discontinued-Manufacturer/dp/B005Y3T1AI/ref=sr_1_41?crid=3W06P6JS4UAQK&keywords=canon+5d&qid=1652081748&sprefix=canon+5d%2Caps%2C502&sr=8-41,,
Canon EOS-5D Mark II EOS 5D Mark 2 Body + 8GB  ,/Canon-EOS-5D-Mark-Digitalkamera/dp/B001G7PBIC/ref=sr_1_42?crid=3W06P6JS4UAQK&keywords=canon+5d&qid=1652081748&sprefix=canon+5d%2Caps%2C502&sr=8-42,,
DURAGADGET Black Backpack - Compatible with Canon EOS 2000D | 400D | M50 | 1300D | 1200D | 1100D | 750D | 700D | 650D | 600D | 550D | 350D | 100D | 70D | 60D | 7D | 6D | 5D | Kiss X50 & SX510 HS  ,/gp/slredirect/picassoRedirect.html/ref=pa_sp_mtf_aps_sr_pg3_1?ie=UTF8&adId=A09499203MM9EFHNV1JO&url=%2FDURAGADGET-Black-Backpack-Canon-SX510%2Fdp%2FB005N8VT2M%2Fref%3Dsr_1_43_sspa%3Fcrid%3D3W06P6JS4UAQK%26keywords%3Dcanon%2B5d%26qid%3D1652081748%26sprefix%3Dcanon%2B5d%252Caps%252C502%26sr%3D8-43-spons%26psc%3D1&qualifier=1652081748&id=3318881577057405&widgetName=sp_mtf,19,243
"MaximalPower Charger for Canon BP-511,512,522,535 Batteries Fits Canon EOS 5D,50D,40D,20D,30D,10D,Digital Rebel,1D,D60,300D,D30,Kiss,Powershot G5,Pro 1,G2,G3,G6,G1,Pro90 IS,Optura 20,Xi,10,PI,200MC  ",/gp/slredirect/picassoRedirect.html/ref=pa_sp_mtf_aps_sr_pg3_1?ie=UTF8&adId=A0794595JMOZX4DTIQOS&url=%2FMaximalPower-Charger-Batteries-Digital-Powershot%2Fdp%2FB00BC80QN0%2Fref%3Dsr_1_44_sspa%3Fcrid%3D3W06P6JS4UAQK%26keywords%3Dcanon%2B5d%26qid%3D1652081748%26sprefix%3Dcanon%2B5d%252Caps%252C502%26sr%3D8-44-spons%26psc%3D1&qualifier=1652081748&id=3318881577057405&widgetName=sp_mtf,11,12
Canon EOS 7D 18 MP CMOS Digital SLR Camera Body Only (discontinued by manufacturer)  ,/Canon-Digital-Camera-discontinued-manufacturer/dp/B002NEGTTW/ref=sr_1_45?crid=3W06P6JS4UAQK&keywords=canon+5d&qid=1652081748&sprefix=canon+5d%2Caps%2C502&sr=8-45,,
Canon EOS 60D 18 MP CMOS Digital SLR Camera Body Only  ,/Canon-CMOS-Digital-Camera-Body/dp/B0040JHVCC/ref=sr_1_46?crid=3W06P6JS4UAQK&keywords=canon+5d&qid=1652081748&sprefix=canon+5d%2Caps%2C502&sr=8-46,,
Canon EOS 1D Mark IV 16.1 MP CMOS Digital SLR Camera with 3-Inch LCD and 1080p HD Video (Body Only)  ,/Canon-EOS-1D-Mark-IV/dp/B002TG3ZYQ/ref=sr_1_47?crid=3W06P6JS4UAQK&keywords=canon+5d&qid=1652081748&sprefix=canon+5d%2Caps%2C502&sr=8-47,,
"Canon Mirrorless Camera [EOS M6 Mark II] for Vlogging + EF-M 18-150mm lens + EVF Kit|CMOS (APS-C) Sensor| Dual Pixel CMOS Auto Focus| Wi-Fi |Bluetooth| 4K Video, Silver  ",/Canon-Mark-Silver-18-150mm-3-5-6-3/dp/B07WMTP5YB/ref=sr_1_48?crid=3W06P6JS4UAQK&keywords=canon+5d&qid=1652081748&sprefix=canon+5d%2Caps%2C502&sr=8-48,1349,507
"Canon Digital SLR Camera Kit [EOS Rebel T6] with EF-S 18-55mm and EF 75-300mm Zoom Lenses - Black, full-size  ",/Canon-Digital-Camera-18-55mm-75-300mm/dp/B01CQJHJ2E/ref=sr_1_49?crid=3W06P6JS4UAQK&keywords=canon+5d&qid=1652081748&sprefix=canon+5d%2Caps%2C502&sr=8-49,,
Canon EOS 5DS R DSLR Camera(Body Only) Bundle with 64GB Memory Card + Carrying Case + Spare Battery + More - International Version  ,/Canon-Camera-Bundle-Carrying-Battery/dp/B07QHN411K/ref=sr_1_50?crid=3W06P6JS4UAQK&keywords=canon+5d&qid=1652081748&sprefix=canon+5d%2Caps%2C502&sr=8-50,,
Canon EOS 5DS R Digital SLR Camera(Body Only) Bundle - International Version  ,/Canon-Digital-Camera-Body-Bundle/dp/B07QCD1S2R/ref=sr_1_51?crid=3W06P6JS4UAQK&keywords=canon+5d&qid=1652081748&sprefix=canon+5d%2Caps%2C502&sr=8-51,,
"Sony a7R III Mirrorless Camera: 42.4MP Full Frame High Resolution Interchangeable Lens Digital Camera with Front End LSI Image Processor, 4K HDR Video and 3"" LCD Screen - ILCE7RM3/B Body, Black  ",/Sony-a7R-Mirrorless-Camera-Interchangeable/dp/B076TGDHPT/ref=sr_1_52?crid=3W06P6JS4UAQK&keywords=canon+5d&qid=1652081748&sprefix=canon+5d%2Caps%2C502&sr=8-52,2798,470
Rokinon 50mm F1.4 Lens for Canon EF Digital SLR  ,/gp/slredirect/picassoRedirect.html/ref=pa_sp_atf_next_aps_sr_pg4_1?ie=UTF8&adId=A09922202GN25N9EDY92Z&url=%2FRokinon-50mm-F1-4-Canon-Digital%2Fdp%2FB00QYILDDA%2Fref%3Dsr_1_49_sspa%3Fcrid%3D3W06P6JS4UAQK%26keywords%3Dcanon%2B5d%26qid%3D1652081753%26sprefix%3Dcanon%2B5d%252Caps%252C502%26sr%3D8-49-spons%26psc%3D1&qualifier=1652081753&id=48373978215604&widgetName=sp_atf_next,339,86
Rokinon 12mm F2.8 Ultra Wide Fisheye Lens for Canon EOS EF DSLR Cameras - Full Frame Compatible  ,/gp/slredirect/picassoRedirect.html/ref=pa_sp_atf_next_aps_sr_pg4_1?ie=UTF8&adId=A0992376AGJR7RDUHDUR&url=%2FRokinon-Ultra-Fisheye-Canon-Cameras%2Fdp%2FB00PDHY4Y8%2Fref%3Dsr_1_50_sspa%3Fcrid%3D3W06P6JS4UAQK%26keywords%3Dcanon%2B5d%26qid%3D1652081753%26sprefix%3Dcanon%2B5d%252Caps%252C502%26sr%3D8-50-spons%26psc%3D1&qualifier=1652081753&id=48373978215604&widgetName=sp_atf_next,369,196
"Rokinon AE14M-C 14mm f/2.8-22 Ultra Wide Angle Lens with Built-In AE Chip for Canon EF Digital SLR,Black  ",/gp/slredirect/picassoRedirect.html/ref=pa_sp_atf_next_aps_sr_pg5_1?ie=UTF8&adId=A099369220GKPY24N3BU5&url=%2FRokinon-AE14M-C-2-8-22-Built-Digital%2Fdp%2FB00ZY9JJYU%2Fref%3Dsr_1_65_sspa%3Fcrid%3D3W06P6JS4UAQK%26keywords%3Dcanon%2B5d%26qid%3D1652081756%26sprefix%3Dcanon%2B5d%252Caps%252C502%26sr%3D8-65-spons%26psc%3D1&qualifier=1652081756&id=8006000525064779&widgetName=sp_atf_next,374,1385
"MegaGear Ever Ready Leather Camera Case Compatible with Canon EOS Rebel SL3, Kiss X10, Rebel SL2, Kiss X9 18-55mm Lens  ",/gp/slredirect/picassoRedirect.html/ref=pa_sp_atf_next_aps_sr_pg5_1?ie=UTF8&adId=A05056762S9UO467EX6TP&url=%2FMegaGear-18-55mm-Leather-Camera-Battery%2Fdp%2FB074XYLX48%2Fref%3Dsr_1_66_sspa%3Fcrid%3D3W06P6JS4UAQK%26keywords%3Dcanon%2B5d%26qid%3D1652081756%26sprefix%3Dcanon%2B5d%252Caps%252C502%26sr%3D8-66-spons%26psc%3D1&qualifier=1652081756&id=8006000525064779&widgetName=sp_atf_next,34,55
"Polaroid Wireless Camera Shutter Remote - Includes Receiver, Handheld Transmitter & Connector Cable - Transmitter Enables Shooting Mode Switching w/o Need of Adjusting Camera Settings - Battery Operated (Batteries Included) For Canon T5i, T4i,T3, T3i, T1i, T2i, XS, XS, XTI, XT, 70D, 60D, G16, G15, G12, G11, G10, G1X, 7D, 7D Mark II, 6D, 50D, 40D, 30D, 5D, 20D, 10D, 5D Mark III, II, 1D X, 1D C, 1D Mark IV, 1D(s)Mark III, II SLR Cameras  ",/gp/slredirect/picassoRedirect.html/ref=pa_sp_atf_next_aps_sr_pg6_1?ie=UTF8&adId=A01515472YSTPA74BZAMS&url=%2FPolaroid-Wireless-Camera-Shutter-Remote%2Fdp%2FB00S8R4Q52%2Fref%3Dsr_1_81_sspa%3Fcrid%3D3W06P6JS4UAQK%26keywords%3Dcanon%2B5d%26qid%3D1652081758%26sprefix%3Dcanon%2B5d%252Caps%252C502%26sr%3D8-81-spons%26psc%3D1&qualifier=1652081758&id=5080707369785440&widgetName=sp_atf_next,22,16
